,Datetime,Q
0,4/16/2021 0:00,0.14809713811791975
1,4/16/2021 1:00,0.14484293797687237
2,4/16/2021 2:00,0.14996479102349
3,4/16/2021 3:00,0.14314205744783487
4,4/16/2021 4:00,0.14247859063661275
5,4/16/2021 5:00,0.137568191942154
6,4/16/2021 6:00,0.1378376065498374
7,4/16/2021 7:00,0.13459159642889187
8,4/16/2021 8:00,0.13424708876421113
9,4/16/2021 9:00,0.1261087164532485
10,4/16/2021 10:00,0.123314539846908
11,4/16/2021 11:00,0.12392425221731675
12,4/16/2021 12:00,0.122651759520765
13,4/16/2021 13:00,0.12635692586004638
14,4/16/2021 14:00,0.12827258455479987
15,4/16/2021 15:00,0.13133177619185327
16,4/16/2021 16:00,0.13376716798624988
17,4/16/2021 17:00,0.13973597743063537
18,4/16/2021 18:00,0.14059601830522578
19,4/16/2021 19:00,0.15037194886863237
20,4/16/2021 20:00,0.15672770180162127
21,4/16/2021 21:00,0.1685704581295315
22,4/16/2021 22:00,0.16814872504802514
23,4/16/2021 23:00,0.164067448154831
24,4/17/2021 0:00,0.170093047130502
25,4/17/2021 1:00,0.16874634529358162
26,4/17/2021 2:00,0.1655002323625025
27,4/17/2021 3:00,0.17227061036777086
28,4/17/2021 4:00,0.17164132973586937
29,4/17/2021 5:00,0.1656870747680921
30,4/17/2021 6:00,0.16453874984446437
31,4/17/2021 7:00,0.16357828412477302
32,4/17/2021 8:00,0.16291536479812851
33,4/17/2021 9:00,0.15964887273456885
34,4/17/2021 10:00,0.15221991835810528
35,4/17/2021 11:00,0.14960656754587648
36,4/17/2021 12:00,0.1585011305986351
37,4/17/2021 13:00,0.165431897973547
38,4/17/2021 14:00,0.16315284594360388
39,4/17/2021 15:00,0.17546738099312797
40,4/17/2021 16:00,0.1760809116947385
41,4/17/2021 17:00,0.18992408337058203
42,4/17/2021 18:00,0.21632220410770436
43,4/17/2021 19:00,0.23284660379205224
44,4/17/2021 20:00,0.245848526836247
45,4/17/2021 21:00,0.262801266369571
46,4/17/2021 22:00,0.26943880948059273
47,4/17/2021 23:00,0.2538647014824705
48,4/18/2021 0:00,0.2602663103153184
49,4/18/2021 1:00,0.26003887942641635
50,4/18/2021 2:00,0.25814036031835474
51,4/18/2021 3:00,0.2611934049801838
52,4/18/2021 4:00,0.26163269325300276
53,4/18/2021 5:00,0.2556804855201951
54,4/18/2021 6:00,0.25680697054544516
55,4/18/2021 7:00,0.2540656971155419
56,4/18/2021 8:00,0.25763578363234774
57,4/18/2021 9:00,0.24770447468720125
58,4/18/2021 10:00,0.24195353207100048
59,4/18/2021 11:00,0.23017073105972188
60,4/18/2021 12:00,0.23410723825746202
61,4/18/2021 13:00,0.23656123451852876
62,4/18/2021 14:00,0.23621387090293575
63,4/18/2021 15:00,0.2476021308005955
64,4/18/2021 16:00,0.268313751270293
65,4/18/2021 17:00,0.297874173583558
66,4/18/2021 18:00,0.31987289559484744
67,4/18/2021 19:00,0.3577972264677312
68,4/18/2021 20:00,0.35823071193725214
69,4/18/2021 21:00,0.3174134129187539
70,4/18/2021 22:00,0.2645106260224826
71,4/18/2021 23:00,0.210067394458569
72,4/19/2021 0:00,0.19600727390562286
73,4/19/2021 1:00,0.20052794347942987
74,4/19/2021 2:00,0.2118292746517459
75,4/19/2021 3:00,0.20671510748305036
76,4/19/2021 4:00,0.2098558496972195
77,4/19/2021 5:00,0.2029048267488439
78,4/19/2021 6:00,0.21248804168426236
79,4/19/2021 7:00,0.19844646691531226
80,4/19/2021 8:00,0.188937238903397
81,4/19/2021 9:00,0.199409316634691
82,4/19/2021 10:00,0.21060214563907576
83,4/19/2021 11:00,0.21339985052081437
84,4/19/2021 12:00,0.22186317015210213
85,4/19/2021 13:00,0.2208180724591941
86,4/19/2021 14:00,0.22203119116450276
87,4/19/2021 15:00,0.22747950356182836
88,4/19/2021 16:00,0.22744859141576187
89,4/19/2021 17:00,0.24299803866592662
90,4/19/2021 18:00,0.23731951155985187
91,4/19/2021 19:00,0.2415935716180245
92,4/19/2021 20:00,0.25733479666070674
93,4/19/2021 21:00,0.25709292472697626
94,4/19/2021 22:00,0.25430480583737275
95,4/19/2021 23:00,0.26660094060405887
96,4/20/2021 0:00,0.2643317857801911
97,4/20/2021 1:00,0.2676823596990165
98,4/20/2021 2:00,0.2508585240580271
99,4/20/2021 3:00,0.25762341339008904
100,4/20/2021 4:00,0.2607932478305994
101,4/20/2021 5:00,0.2454353920687496
102,4/20/2021 6:00,0.24729255184078736
103,4/20/2021 7:00,0.2536135717634794
104,4/20/2021 8:00,0.24290827136655088
105,4/20/2021 9:00,0.2420290286826346
106,4/20/2021 10:00,0.23008771981301587
107,4/20/2021 11:00,0.22687277599125624
108,4/20/2021 12:00,0.2212849134374094
109,4/20/2021 13:00,0.2251322533657315
110,4/20/2021 14:00,0.2291749942254696
111,4/20/2021 15:00,0.22797672842742425
112,4/20/2021 16:00,0.23925629748705002
113,4/20/2021 17:00,0.2414729206641339
114,4/20/2021 18:00,0.25806575379225277
115,4/20/2021 19:00,0.27005981834778386
116,4/20/2021 20:00,0.27685074414487276
117,4/20/2021 21:00,0.29062514254456
118,4/20/2021 22:00,0.2989846645568131
119,4/20/2021 23:00,0.2943929558879485
120,4/21/2021 0:00,0.285640927329566
121,4/21/2021 1:00,0.28900224966169324
122,4/21/2021 2:00,0.2779625123548364
123,4/21/2021 3:00,0.27965484874941116
124,4/21/2021 4:00,0.28316079176995
125,4/21/2021 5:00,0.2957736304702534
126,4/21/2021 6:00,0.27551203043641626
127,4/21/2021 7:00,0.2781470689045567
128,4/21/2021 8:00,0.2789837826809356
129,4/21/2021 9:00,0.2723398448263895
130,4/21/2021 10:00,0.2558668141471608
131,4/21/2021 11:00,0.25880517311562645
132,4/21/2021 12:00,0.25758725092538437
133,4/21/2021 13:00,0.25899952566963974
134,4/21/2021 14:00,0.2630884667439095
135,4/21/2021 15:00,0.2689302735497483
136,4/21/2021 16:00,0.28367548826801325
137,4/21/2021 17:00,0.3096307411429025
138,4/21/2021 18:00,0.3539830591619181
139,4/21/2021 19:00,0.36500105795174864
140,4/21/2021 20:00,0.38272676715196097
141,4/21/2021 21:00,0.37654028966993114
142,4/21/2021 22:00,0.3808066222598111
143,4/21/2021 23:00,0.39315325067168927
144,4/22/2021 0:00,0.37446396313909563
145,4/22/2021 1:00,0.3793133228584695
146,4/22/2021 2:00,0.369176098905304
147,4/22/2021 3:00,0.37084276267244576
148,4/22/2021 4:00,0.35552533542799875
149,4/22/2021 5:00,0.3682775927715102
150,4/22/2021 6:00,0.3619195343125451
151,4/22/2021 7:00,0.3548015708025204
152,4/22/2021 8:00,0.3421458205134697
153,4/22/2021 9:00,0.32134845784556065
154,4/22/2021 10:00,0.30516258864234613
155,4/22/2021 11:00,0.30414000432237154
156,4/22/2021 12:00,0.30785029779385586
157,4/22/2021 13:00,0.3072959326866569
158,4/22/2021 14:00,0.28117246566903037
159,4/22/2021 15:00,0.269774988722037
160,4/22/2021 16:00,0.269429005165137
161,4/22/2021 17:00,0.29881407347091926
162,4/22/2021 18:00,0.32839093201130165
163,4/22/2021 19:00,0.35572773883231823
164,4/22/2021 20:00,0.3252211918348429
165,4/22/2021 21:00,0.3443778052271456
166,4/22/2021 22:00,0.346415382265927
167,4/22/2021 23:00,0.33381218098700216
168,4/23/2021 0:00,0.3209376391795986
169,4/23/2021 1:00,0.3260290205985815
170,4/23/2021 2:00,0.31813744430344376
171,4/23/2021 3:00,0.29699919180572204
172,4/23/2021 4:00,0.28787806108313824
173,4/23/2021 5:00,0.29632292382312064
174,4/23/2021 6:00,0.2836311214140511
175,4/23/2021 7:00,0.290663576923594
176,4/23/2021 8:00,0.29574418366211874
177,4/23/2021 9:00,0.2916756098734201
178,4/23/2021 10:00,0.29346904826049675
179,4/23/2021 11:00,0.2942293911946777
180,4/23/2021 12:00,0.3025784483337195
181,4/23/2021 13:00,0.31007779773750316
182,4/23/2021 14:00,0.3237724785510705
183,4/23/2021 15:00,0.33339899108828674
184,4/23/2021 16:00,0.3199561784470173
185,4/23/2021 17:00,0.3389164695584634
186,4/23/2021 18:00,0.3407553767190988
187,4/23/2021 19:00,0.35138620947774063
188,4/23/2021 20:00,0.36471553772479914
189,4/23/2021 21:00,0.3689119115792804
190,4/23/2021 22:00,0.3596038015554154
191,4/23/2021 23:00,0.362458438985049
192,4/24/2021 0:00,0.35215512964928286
193,4/24/2021 1:00,0.36894260553957686
194,4/24/2021 2:00,0.36923932180209135
195,4/24/2021 3:00,0.340913837904662
196,4/24/2021 4:00,0.3411596297897179
197,4/24/2021 5:00,0.3574282300354614
198,4/24/2021 6:00,0.3489823069521979
199,4/24/2021 7:00,0.34136832807886563
200,4/24/2021 8:00,0.331194988010721
201,4/24/2021 9:00,0.337119642080252
202,4/24/2021 10:00,0.31936464759171224
203,4/24/2021 11:00,0.3069351459222627
204,4/24/2021 12:00,0.2983045941141229
205,4/24/2021 13:00,0.31593078335984526
206,4/24/2021 14:00,0.3382700354409726
207,4/24/2021 15:00,0.373288388095751
208,4/24/2021 16:00,0.39187622252141474
209,4/24/2021 17:00,0.40055592273401874
210,4/24/2021 18:00,0.41953703722511687
211,4/24/2021 19:00,0.39997904008567153
212,4/24/2021 20:00,0.3986732744797266
213,4/24/2021 21:00,0.43178727365865677
214,4/24/2021 22:00,0.40871249122388753
215,4/24/2021 23:00,0.41089313323712207
216,4/25/2021 0:00,0.41433260120125875
217,4/25/2021 1:00,0.40747035330216996
218,4/25/2021 2:00,0.3929543040907606
219,4/25/2021 3:00,0.3831884510448
220,4/25/2021 4:00,0.3902720353295021
221,4/25/2021 5:00,0.3949624479123787
222,4/25/2021 6:00,0.3711712839825174
223,4/25/2021 7:00,0.37912460310270363
224,4/25/2021 8:00,0.3817139069243685
225,4/25/2021 9:00,0.39344136034689847
226,4/25/2021 10:00,0.3718023280673995
227,4/25/2021 11:00,0.3654285038185413
228,4/25/2021 12:00,0.3616801586273116
229,4/25/2021 13:00,0.3825539401246169
230,4/25/2021 14:00,0.413628421021775
231,4/25/2021 15:00,0.4191160624441732
232,4/25/2021 16:00,0.40671473381686835
233,4/25/2021 17:00,0.39046971757811544
234,4/25/2021 18:00,0.40852672511824784
235,4/25/2021 19:00,0.4243432076594165
236,4/25/2021 20:00,0.4336625724119763
237,4/25/2021 21:00,0.4174813506187787
238,4/25/2021 22:00,0.41590568712051645
239,4/25/2021 23:00,0.41043799681388915
240,4/26/2021 0:00,0.40196740262297603
241,4/26/2021 1:00,0.3876418253174852
242,4/26/2021 2:00,0.3834345979517066
243,4/26/2021 3:00,0.37967143165386424
244,4/26/2021 4:00,0.3648111648967984
245,4/26/2021 5:00,0.37109825691702575
246,4/26/2021 6:00,0.35663347745738627
247,4/26/2021 7:00,0.35888555928617977
248,4/26/2021 8:00,0.3585407516255366
249,4/26/2021 9:00,0.3562837030316704
250,4/26/2021 10:00,0.3572796283404693
251,4/26/2021 11:00,0.36111233478683075
252,4/26/2021 12:00,0.36261121220887726
253,4/26/2021 13:00,0.34937297067739215
254,4/26/2021 14:00,0.35385905068756157
255,4/26/2021 15:00,0.35614491652307356
256,4/26/2021 16:00,0.3483452228906645
257,4/26/2021 17:00,0.35571953978162535
258,4/26/2021 18:00,0.38209587129154887
259,4/26/2021 19:00,0.37683781037730213
260,4/26/2021 20:00,0.37955273466580597
261,4/26/2021 21:00,0.3894284513055409
262,4/26/2021 22:00,0.39325151622557136
263,4/26/2021 23:00,0.39899311778195284
264,4/27/2021 0:00,0.39307445833097726
265,4/27/2021 1:00,0.39193160091019635
266,4/27/2021 2:00,0.3830820555415684
267,4/27/2021 3:00,0.3760706865894956
268,4/27/2021 4:00,0.3814682953170609
269,4/27/2021 5:00,0.37232232192638287
270,4/27/2021 6:00,0.36442231907922323
271,4/27/2021 7:00,0.3629223126625371
272,4/27/2021 8:00,0.3633474259737989
273,4/27/2021 9:00,0.3393625628744179
274,4/27/2021 10:00,0.3291427423465554
275,4/27/2021 11:00,0.3178102411218795
276,4/27/2021 12:00,0.32286107400861025
277,4/27/2021 13:00,0.3225750043426743
278,4/27/2021 14:00,0.3165920111662189
279,4/27/2021 15:00,0.3344603829467083
280,4/27/2021 16:00,0.3456807280513235
281,4/27/2021 17:00,0.37321322652995537
282,4/27/2021 18:00,0.3901824199728959
283,4/27/2021 19:00,0.4115613742859219
284,4/27/2021 20:00,0.4359624419703354
285,4/27/2021 21:00,0.43701875414867564
286,4/27/2021 22:00,0.42611492254165584
287,4/27/2021 23:00,0.4425455502599718
288,4/28/2021 0:00,0.449821362564181
289,4/28/2021 1:00,0.4490892649433809
290,4/28/2021 2:00,0.4524954204228623
291,4/28/2021 3:00,0.44397731498884685
292,4/28/2021 4:00,0.428805533301892
293,4/28/2021 5:00,0.4129488634494001
294,4/28/2021 6:00,0.43591424347441055
295,4/28/2021 7:00,0.4347612457867865
296,4/28/2021 8:00,0.4231108964874262
297,4/28/2021 9:00,0.383828398855739
298,4/28/2021 10:00,0.38637889235544115
299,4/28/2021 11:00,0.3702379827385101
300,4/28/2021 12:00,0.38196897539290364
301,4/28/2021 13:00,0.39598143331743396
302,4/28/2021 14:00,0.3835067159113168
303,4/28/2021 15:00,0.38679021790366636
304,4/28/2021 16:00,0.4247769832024595
305,4/28/2021 17:00,0.47327520879762447
306,4/28/2021 18:00,0.49523265729468147
307,4/28/2021 19:00,0.5433810187209013
308,4/28/2021 20:00,0.5519236257384226
309,4/28/2021 21:00,0.556217053530645
310,4/28/2021 22:00,0.5692022228079388
311,4/28/2021 23:00,0.5958251248914262
312,4/29/2021 0:00,0.6066655295324087
313,4/29/2021 1:00,0.5905732208178149
314,4/29/2021 2:00,0.5549395999134762
315,4/29/2021 3:00,0.5672089256667788
316,4/29/2021 4:00,0.5735098833095713
317,4/29/2021 5:00,0.5663874790513299
318,4/29/2021 6:00,0.5561628272623338
319,4/29/2021 7:00,0.5706295012484738
320,4/29/2021 8:00,0.5679263033421463
321,4/29/2021 9:00,0.557721842642085
322,4/29/2021 10:00,0.5445707055190401
323,4/29/2021 11:00,0.5182505118769541
324,4/29/2021 12:00,0.5713633927131175
325,4/29/2021 13:00,0.5506717053165224
326,4/29/2021 14:00,0.5706852639793175
327,4/29/2021 15:00,0.6161361300258913
328,4/29/2021 16:00,0.6751906028597388
329,4/29/2021 17:00,0.7472188057985263
330,4/29/2021 18:00,0.8229150311316951
331,4/29/2021 19:00,0.8879168179741825
332,4/29/2021 20:00,0.9445730705981426
333,4/29/2021 21:00,0.9829047725702524
334,4/29/2021 22:00,1.0238594057290011
335,4/29/2021 23:00,1.002285170990945
336,4/30/2021 0:00,0.9729540484477925
337,4/30/2021 1:00,1.0199575744521177
338,4/30/2021 2:00,0.9821475549246212
339,4/30/2021 3:00,0.9832779680906287
340,4/30/2021 4:00,0.9991397980803538
341,4/30/2021 5:00,1.0091849856859798
342,4/30/2021 6:00,0.9683592622032274
343,4/30/2021 7:00,0.9487414630444637
344,4/30/2021 8:00,0.9521747056482525
345,4/30/2021 9:00,0.9003852398945738
346,4/30/2021 10:00,0.9144919795993576
347,4/30/2021 11:00,0.9365115463609687
348,4/30/2021 12:00,0.947564113072935
349,4/30/2021 13:00,0.9161226211463651
350,4/30/2021 14:00,0.9604455830072725
351,4/30/2021 15:00,1.0677395393897313
352,4/30/2021 16:00,1.115092793118945
353,4/30/2021 17:00,1.1686520791887538
354,4/30/2021 18:00,1.34892446461068
355,4/30/2021 19:00,1.445300555909864
356,4/30/2021 20:00,1.4504942052698877
357,4/30/2021 21:00,1.5489327392234462
358,4/30/2021 22:00,1.5812860758908738
359,4/30/2021 23:00,1.6216947020672752
360,5/1/2021 0:00,1.6118192259937651
361,5/1/2021 1:00,1.6472312927360435
362,5/1/2021 2:00,1.6483828667089875
363,5/1/2021 3:00,1.6860569183856826
364,5/1/2021 4:00,1.7328769020135575
365,5/1/2021 5:00,1.7736317079372812
366,5/1/2021 6:00,1.7378828549747962
367,5/1/2021 7:00,1.724950874267765
368,5/1/2021 8:00,1.761823275516055
369,5/1/2021 9:00,1.6491654865058762
370,5/1/2021 10:00,1.6310910194052688
371,5/1/2021 11:00,1.673731400158594
372,5/1/2021 12:00,1.6438323964651425
373,5/1/2021 13:00,1.5910617404815863
374,5/1/2021 14:00,1.67396234775919
375,5/1/2021 15:00,1.6381911139763787
376,5/1/2021 16:00,1.8573841139814788
377,5/1/2021 17:00,2.004809386101524
378,5/1/2021 18:00,2.0031534394383366
379,5/1/2021 19:00,2.0454718147506536
380,5/1/2021 20:00,2.1392252774696825
381,5/1/2021 21:00,2.1325351351831436
382,5/1/2021 22:00,2.07339893978543
383,5/1/2021 23:00,2.150312028228212
384,5/2/2021 0:00,2.0940336662196626
385,5/2/2021 1:00,2.0349169876043227
386,5/2/2021 2:00,2.0089218836789335
387,5/2/2021 3:00,2.085527318738774
388,5/2/2021 4:00,2.1007551109687923
389,5/2/2021 5:00,1.949798372702475
390,5/2/2021 6:00,1.9140025628699688
391,5/2/2021 7:00,1.8433904621590262
392,5/2/2021 8:00,1.8034487859700636
393,5/2/2021 9:00,1.8449201639205275
394,5/2/2021 10:00,1.7535994845017062
395,5/2/2021 11:00,1.69130279950343
396,5/2/2021 12:00,1.6513662951405812
397,5/2/2021 13:00,1.6496080691674324
398,5/2/2021 14:00,1.6666532624281412
399,5/2/2021 15:00,1.6751735172863338
400,5/2/2021 16:00,1.5857250059831127
401,5/2/2021 17:00,1.6088492930456424
402,5/2/2021 18:00,1.6645450798998938
403,5/2/2021 19:00,1.69425527327298
404,5/2/2021 20:00,1.6502080168319313
405,5/2/2021 21:00,1.6540658029397688
406,5/2/2021 22:00,1.627827977632085
407,5/2/2021 23:00,1.5878146094757988
408,5/3/2021 0:00,1.5291035035758735
409,5/3/2021 1:00,1.4578695482702675
410,5/3/2021 2:00,1.50098575307828
411,5/3/2021 3:00,1.489024036576224
412,5/3/2021 4:00,1.4813596288758688
413,5/3/2021 5:00,1.4295592303569624
414,5/3/2021 6:00,1.4397352939726837
415,5/3/2021 7:00,1.4171718536956874
416,5/3/2021 8:00,1.3864218385139537
417,5/3/2021 9:00,1.3347539583955013
418,5/3/2021 10:00,1.3132911447489812
419,5/3/2021 11:00,1.3159787307021986
420,5/3/2021 12:00,1.3238075144255863
421,5/3/2021 13:00,1.300516802190605
422,5/3/2021 14:00,1.348494957922005
423,5/3/2021 15:00,1.3575742650640898
424,5/3/2021 16:00,1.4480769992873688
425,5/3/2021 17:00,1.3777978910004989
426,5/3/2021 18:00,1.3959096885430513
427,5/3/2021 19:00,1.374600765750515
428,5/3/2021 20:00,1.4071372235109725
429,5/3/2021 21:00,1.4403616461943463
430,5/3/2021 22:00,1.43573932941839
431,5/3/2021 23:00,1.35922767053568
432,5/4/2021 0:00,1.3549847606386776
433,5/4/2021 1:00,1.3523924951554576
434,5/4/2021 2:00,1.3239351656267389
435,5/4/2021 3:00,1.3088805042557037
436,5/4/2021 4:00,1.297521817544135
437,5/4/2021 5:00,1.3568427169209736
438,5/4/2021 6:00,1.2816876672119977
439,5/4/2021 7:00,1.3359068552922464
440,5/4/2021 8:00,1.2824638686681364
441,5/4/2021 9:00,1.26075613344166
442,5/4/2021 10:00,1.236055308645895
443,5/4/2021 11:00,1.2007910824661363
444,5/4/2021 12:00,1.16801057082389
445,5/4/2021 13:00,1.1652109856561899
446,5/4/2021 14:00,1.127894529820114
447,5/4/2021 15:00,1.18635175266783
448,5/4/2021 16:00,1.2050834454994137
449,5/4/2021 17:00,1.1684246562906875
450,5/4/2021 18:00,1.21930363215103
451,5/4/2021 19:00,1.219436439216965
452,5/4/2021 20:00,1.2693898453048325
453,5/4/2021 21:00,1.2660332299088175
454,5/4/2021 22:00,1.2595889298808862
455,5/4/2021 23:00,1.27382184338233
456,5/5/2021 0:00,1.2651958845295412
457,5/5/2021 1:00,1.2761770104394226
458,5/5/2021 2:00,1.2205279262005888
459,5/5/2021 3:00,1.2117197710208214
460,5/5/2021 4:00,1.2058405201970075
461,5/5/2021 5:00,1.2013948566053374
462,5/5/2021 6:00,1.1900984495254112
463,5/5/2021 7:00,1.1847573551552113
464,5/5/2021 8:00,1.1344202039544027
465,5/5/2021 9:00,1.0932409457829588
466,5/5/2021 10:00,1.0823447716958636
467,5/5/2021 11:00,1.08401177318171
468,5/5/2021 12:00,1.0642316352419026
469,5/5/2021 13:00,1.0232134340321575
470,5/5/2021 14:00,1.0297524827735614
471,5/5/2021 15:00,1.03644696272609
472,5/5/2021 16:00,1.0577425711147612
473,5/5/2021 17:00,1.1229009234696463
474,5/5/2021 18:00,1.1609627421410962
475,5/5/2021 19:00,1.2424919721638137
476,5/5/2021 20:00,1.199399605948885
477,5/5/2021 21:00,1.2548109554820812
478,5/5/2021 22:00,1.3378242176534276
479,5/5/2021 23:00,1.2548234643755962
480,5/6/2021 0:00,1.28146906179544
481,5/6/2021 1:00,1.2783303839746436
482,5/6/2021 2:00,1.3209102195058975
483,5/6/2021 3:00,1.3208583190732774
484,5/6/2021 4:00,1.2963064671764124
485,5/6/2021 5:00,1.2451735404931388
486,5/6/2021 6:00,1.2568980860596888
487,5/6/2021 7:00,1.31870498898116
488,5/6/2021 8:00,1.2248186491196427
489,5/6/2021 9:00,1.1751923543415412
490,5/6/2021 10:00,1.19784907225193
491,5/6/2021 11:00,1.2233876765052425
492,5/6/2021 12:00,1.1983590859132462
493,5/6/2021 13:00,1.2455096106064687
494,5/6/2021 14:00,1.2722736697215837
495,5/6/2021 15:00,1.3057162149514638
496,5/6/2021 16:00,1.4091572910046937
497,5/6/2021 17:00,1.4954064553535262
498,5/6/2021 18:00,1.6094557494142787
499,5/6/2021 19:00,1.7663348172550488
500,5/6/2021 20:00,1.8196603752703975
501,5/6/2021 21:00,1.8146608027008486
502,5/6/2021 22:00,1.7975138147958825
503,5/6/2021 23:00,1.7599747937392864
504,5/7/2021 0:00,1.6898458648387435
505,5/7/2021 1:00,1.808674073051025
506,5/7/2021 2:00,1.76728776148027
507,5/7/2021 3:00,1.8021687382187612
508,5/7/2021 4:00,1.7536762016583811
509,5/7/2021 5:00,1.83441783289752
510,5/7/2021 6:00,1.7663281793835675
511,5/7/2021 7:00,1.7418090522540237
512,5/7/2021 8:00,1.7945273642064474
513,5/7/2021 9:00,1.790979438924555
514,5/7/2021 10:00,1.6953715069774162
515,5/7/2021 11:00,1.7202734138485276
516,5/7/2021 12:00,1.6851410782058638
517,5/7/2021 13:00,1.6828766571299125
518,5/7/2021 14:00,1.8229750241346139
519,5/7/2021 15:00,1.7939778126617787
520,5/7/2021 16:00,1.7683714552847611
521,5/7/2021 17:00,1.71820387908703
522,5/7/2021 18:00,1.772204398197105
523,5/7/2021 19:00,1.7639482673544462
524,5/7/2021 20:00,1.80218791598071
525,5/7/2021 21:00,1.8263482125981187
526,5/7/2021 22:00,1.810071037981445
527,5/7/2021 23:00,1.7894148776450225
528,5/8/2021 0:00,1.8149724486554848
529,5/8/2021 1:00,1.8277393890161437
530,5/8/2021 2:00,1.874044950339625
531,5/8/2021 3:00,1.8667015151930977
532,5/8/2021 4:00,1.8168554035329862
533,5/8/2021 5:00,1.7955039253316298
534,5/8/2021 6:00,1.831963903326015
535,5/8/2021 7:00,1.8995792572076162
536,5/8/2021 8:00,1.8855543289476886
537,5/8/2021 9:00,1.865602589236635
538,5/8/2021 10:00,1.9244269122505089
539,5/8/2021 11:00,1.9113369229661312
540,5/8/2021 12:00,1.8272428436210186
541,5/8/2021 13:00,1.8768475611826088
542,5/8/2021 14:00,1.8190011172534
543,5/8/2021 15:00,1.6827322133372213
544,5/8/2021 16:00,1.8197357124735625
545,5/8/2021 17:00,1.6613093082003212
546,5/8/2021 18:00,1.7285254099458114
547,5/8/2021 19:00,1.6840507551050625
548,5/8/2021 20:00,1.7457822931477263
549,5/8/2021 21:00,1.63238493920417
550,5/8/2021 22:00,1.6705844196119215
551,5/8/2021 23:00,1.8014201699995014
552,5/9/2021 0:00,1.7114551408169398
553,5/9/2021 1:00,1.6342393115055387
554,5/9/2021 2:00,1.6743230222183212
555,5/9/2021 3:00,1.6855947985864639
556,5/9/2021 4:00,1.6198521543451387
557,5/9/2021 5:00,1.6230224204839974
558,5/9/2021 6:00,1.6193269479050714
559,5/9/2021 7:00,1.59763269320446
560,5/9/2021 8:00,1.5344344349592252
561,5/9/2021 9:00,1.5338361758582137
562,5/9/2021 10:00,1.4334777274870225
563,5/9/2021 11:00,1.4658417614832224
564,5/9/2021 12:00,1.5135810557729912
565,5/9/2021 13:00,1.4276388485440312
566,5/9/2021 14:00,1.4947851241622787
567,5/9/2021 15:00,1.4253379138655424
568,5/9/2021 16:00,1.3812821544473137
569,5/9/2021 17:00,1.3156599952996224
570,5/9/2021 18:00,1.295180065461925
571,5/9/2021 19:00,1.3105316317873037
572,5/9/2021 20:00,1.3044280172458775
573,5/9/2021 21:00,1.267166952907995
574,5/9/2021 22:00,1.2428802361101123
575,5/9/2021 23:00,1.2607055733714487
576,5/10/2021 0:00,1.2522757618967588
577,5/10/2021 1:00,1.194506493069995
578,5/10/2021 2:00,1.2369302701049025
579,5/10/2021 3:00,1.2277500127125276
580,5/10/2021 4:00,1.1651052578374563
581,5/10/2021 5:00,1.14791589556572
582,5/10/2021 6:00,1.1550386369459062
583,5/10/2021 7:00,1.1146415141821138
584,5/10/2021 8:00,1.11387534066183
585,5/10/2021 9:00,1.1200275250249825
586,5/10/2021 10:00,1.1195322193947412
587,5/10/2021 11:00,1.0771180424132212
588,5/10/2021 12:00,1.0704184122909826
589,5/10/2021 13:00,1.031206647550625
590,5/10/2021 14:00,1.0455773845533438
591,5/10/2021 15:00,1.0010712345084039
592,5/10/2021 16:00,1.0375595773591937
593,5/10/2021 17:00,1.059362985562115
594,5/10/2021 18:00,1.0627477896520363
595,5/10/2021 19:00,1.0338815043698502
596,5/10/2021 20:00,1.0823319576787125
597,5/10/2021 21:00,1.0858956041526024
598,5/10/2021 22:00,1.0373987617474087
599,5/10/2021 23:00,1.080953494681575
600,5/11/2021 0:00,1.0370106698488912
601,5/11/2021 1:00,1.0272811593976625
602,5/11/2021 2:00,1.0505229155579225
603,5/11/2021 3:00,1.051240328694405
604,5/11/2021 4:00,0.9809759662371288
605,5/11/2021 5:00,0.994123660914195
606,5/11/2021 6:00,0.932784402983145
607,5/11/2021 7:00,0.9485306652699249
608,5/11/2021 8:00,0.9224489446805312
609,5/11/2021 9:00,0.8930580497092737
610,5/11/2021 10:00,0.8589216192298175
611,5/11/2021 11:00,0.8528098762324625
612,5/11/2021 12:00,0.9134774424933813
613,5/11/2021 13:00,0.8559272004941274
614,5/11/2021 14:00,0.9044422489100375
615,5/11/2021 15:00,0.890857066340995
616,5/11/2021 16:00,0.8733815504486762
617,5/11/2021 17:00,0.8558198902575476
618,5/11/2021 18:00,0.8534427061667313
619,5/11/2021 19:00,0.8449122823696837
620,5/11/2021 20:00,0.8178971759621988
621,5/11/2021 21:00,0.834743369923695
622,5/11/2021 22:00,0.8535225313558887
623,5/11/2021 23:00,0.8242148616397375
624,5/12/2021 0:00,0.8397045492633787
625,5/12/2021 1:00,0.8630314271280688
626,5/12/2021 2:00,0.8681794286285938
627,5/12/2021 3:00,0.825313173787485
628,5/12/2021 4:00,0.8298177567680749
629,5/12/2021 5:00,0.8467728890242425
630,5/12/2021 6:00,0.804808022964255
631,5/12/2021 7:00,0.7931498813635
632,5/12/2021 8:00,0.8047226943400339
633,5/12/2021 9:00,0.79981175710064
634,5/12/2021 10:00,0.7035522616625638
635,5/12/2021 11:00,0.7395078781261549
636,5/12/2021 12:00,0.7759841021679837
637,5/12/2021 13:00,0.7430591488196763
638,5/12/2021 14:00,0.7443708062602288
639,5/12/2021 15:00,0.7591236335893163
640,5/12/2021 16:00,0.8178842351635675
641,5/12/2021 17:00,0.8154139125750925
642,5/12/2021 18:00,0.8226437433201412
643,5/12/2021 19:00,0.8825944336942938
644,5/12/2021 20:00,0.9114212281797412
645,5/12/2021 21:00,0.8935552941235938
646,5/12/2021 22:00,0.8601730246658525
647,5/12/2021 23:00,0.8917924450096563
648,5/13/2021 0:00,0.8783115381909926
649,5/13/2021 1:00,0.8955096698132914
650,5/13/2021 2:00,0.9110804974053013
651,5/13/2021 3:00,0.9131073911492138
652,5/13/2021 4:00,0.906673607472965
653,5/13/2021 5:00,0.8866241620717737
654,5/13/2021 6:00,0.8950043578041149
655,5/13/2021 7:00,0.88515482221936
656,5/13/2021 8:00,0.8540062814028888
657,5/13/2021 9:00,0.8097697781399863
658,5/13/2021 10:00,0.8124083788213163
659,5/13/2021 11:00,0.7857956321765475
660,5/13/2021 12:00,0.7568189228130026
661,5/13/2021 13:00,0.8003259777069475
662,5/13/2021 14:00,0.7944201110890312
663,5/13/2021 15:00,0.7679296711964362
664,5/13/2021 16:00,0.7910618388270163
665,5/13/2021 17:00,0.8135008597265401
666,5/13/2021 18:00,0.8638384711302862
667,5/13/2021 19:00,0.9152670568809063
668,5/13/2021 20:00,0.9593086621090174
669,5/13/2021 21:00,1.0252007311319487
670,5/13/2021 22:00,0.9906511116836949
671,5/13/2021 23:00,1.0404326755588424
672,5/14/2021 0:00,1.04322209778993
673,5/14/2021 1:00,0.9864911745643875
674,5/14/2021 2:00,0.99848879654171
675,5/14/2021 3:00,1.01679915198829
676,5/14/2021 4:00,0.9875394564935376
677,5/14/2021 5:00,0.9860088952679424
678,5/14/2021 6:00,0.9827379650976875
679,5/14/2021 7:00,0.9637676557412487
680,5/14/2021 8:00,0.9743631206464112
681,5/14/2021 9:00,0.9260897155484824
682,5/14/2021 10:00,0.9359401748565576
683,5/14/2021 11:00,0.9412628115230837
684,5/14/2021 12:00,0.9226606705377801
685,5/14/2021 13:00,0.9667295580041599
686,5/14/2021 14:00,0.9633913181730338
687,5/14/2021 15:00,0.9947847614081488
688,5/14/2021 16:00,0.999252882712105
689,5/14/2021 17:00,1.0969866933835202
690,5/14/2021 18:00,1.13766613714595
691,5/14/2021 19:00,1.1334198616146351
692,5/14/2021 20:00,1.2075479871324637
693,5/14/2021 21:00,1.1778082322178776
694,5/14/2021 22:00,1.1538093661939963
695,5/14/2021 23:00,1.1591838428892924
696,5/15/2021 0:00,1.1871822218103336
697,5/15/2021 1:00,1.2047040640969227
698,5/15/2021 2:00,1.1652759139870237
699,5/15/2021 3:00,1.1672446457515964
700,5/15/2021 4:00,1.1988648000116562
701,5/15/2021 5:00,1.1715416805791712
702,5/15/2021 6:00,1.1489461566156076
703,5/15/2021 7:00,1.196640074640645
704,5/15/2021 8:00,1.120683510535271
705,5/15/2021 9:00,1.120436623343535
706,5/15/2021 10:00,1.1165699825412139
707,5/15/2021 11:00,1.11137660562916
708,5/15/2021 12:00,1.115746425528005
709,5/15/2021 13:00,1.127512134265745
710,5/15/2021 14:00,1.1442798037455801
711,5/15/2021 15:00,1.1872690960441838
712,5/15/2021 16:00,1.2640747420784588
713,5/15/2021 17:00,1.2521438888188363
714,5/15/2021 18:00,1.3394771993555525
715,5/15/2021 19:00,1.3843213528223388
716,5/15/2021 20:00,1.45583722006322
717,5/15/2021 21:00,1.482689216404664
718,5/15/2021 22:00,1.5081945896956
719,5/15/2021 23:00,1.6035851779968637
720,5/16/2021 0:00,1.5403114272172937
721,5/16/2021 1:00,1.5730711178046413
722,5/16/2021 2:00,1.5173734961784775
723,5/16/2021 3:00,1.5146144071336112
724,5/16/2021 4:00,1.5154622722478175
725,5/16/2021 5:00,1.5583508680168399
726,5/16/2021 6:00,1.5501127199306224
727,5/16/2021 7:00,1.53165777767616
728,5/16/2021 8:00,1.4997578898989774
729,5/16/2021 9:00,1.4418950787987674
730,5/16/2021 10:00,1.4591722183122475
731,5/16/2021 11:00,1.464991023157134
732,5/16/2021 12:00,1.4438008209499937
733,5/16/2021 13:00,1.4652676168297813
734,5/16/2021 14:00,1.42167865967583
735,5/16/2021 15:00,1.5511577599130724
736,5/16/2021 16:00,1.5966885340906025
737,5/16/2021 17:00,1.6399951849405512
738,5/16/2021 18:00,1.7209543754739787
739,5/16/2021 19:00,1.757654924655585
740,5/16/2021 20:00,1.959752242570385
741,5/16/2021 21:00,1.9680893537001536
742,5/16/2021 22:00,1.9539292560939812
743,5/16/2021 23:00,2.0121680906452566
744,5/17/2021 0:00,2.028398968624135
745,5/17/2021 1:00,1.9643319759212838
746,5/17/2021 2:00,2.0010344640545386
747,5/17/2021 3:00,2.0139738979578876
748,5/17/2021 4:00,1.9650625622220623
749,5/17/2021 5:00,1.9678529093654635
750,5/17/2021 6:00,2.0051869575482124
751,5/17/2021 7:00,1.919844503159376
752,5/17/2021 8:00,1.8935163458449726
753,5/17/2021 9:00,1.9510872961807775
754,5/17/2021 10:00,1.7969189157903986
755,5/17/2021 11:00,1.8527889238541262
756,5/17/2021 12:00,1.81904712067018
757,5/17/2021 13:00,1.9260325951850623
758,5/17/2021 14:00,1.87270939888711
759,5/17/2021 15:00,1.9553434118646762
760,5/17/2021 16:00,1.9821236764135812
761,5/17/2021 17:00,2.094022666105389
762,5/17/2021 18:00,2.2056052572225076
763,5/17/2021 19:00,2.301901926467319
764,5/17/2021 20:00,2.4466059111791
765,5/17/2021 21:00,2.3688380666748303
766,5/17/2021 22:00,2.4932949203526147
767,5/17/2021 23:00,2.516270286046275
768,5/18/2021 0:00,2.4492440478303172
769,5/18/2021 1:00,2.465088414041017
770,5/18/2021 2:00,2.4695146324984036
771,5/18/2021 3:00,2.3370488148090938
772,5/18/2021 4:00,2.3271324003301324
773,5/18/2021 5:00,2.259845550748395
774,5/18/2021 6:00,2.259205170697105
775,5/18/2021 7:00,2.311576526109131
776,5/18/2021 8:00,2.2375135918880575
777,5/18/2021 9:00,2.08857394123322
778,5/18/2021 10:00,2.031844284508845
779,5/18/2021 11:00,2.0099647673106236
780,5/18/2021 12:00,1.9864582165445412
781,5/18/2021 13:00,1.80910633458553
782,5/18/2021 14:00,1.8446333986982562
783,5/18/2021 15:00,1.9444715878008625
784,5/18/2021 16:00,2.0534945558728386
785,5/18/2021 17:00,2.143014588690136
786,5/18/2021 18:00,2.4033525910217075
787,5/18/2021 19:00,2.3547151072464514
788,5/18/2021 20:00,2.5338669281895134
789,5/18/2021 21:00,2.4914736654244374
790,5/18/2021 22:00,2.3318108972102136
791,5/18/2021 23:00,2.4852218206679253
792,5/19/2021 0:00,2.3018482312586164
793,5/19/2021 1:00,2.27442412526696
794,5/19/2021 2:00,2.2067491803871437
795,5/19/2021 3:00,2.2147562806599748
796,5/19/2021 4:00,2.2274589700373326
797,5/19/2021 5:00,2.2111202587493866
798,5/19/2021 6:00,2.0980271137904225
799,5/19/2021 7:00,2.0458077640217662
800,5/19/2021 8:00,2.0476425124393973
801,5/19/2021 9:00,1.99727103654965
802,5/19/2021 10:00,1.9330276904932178
803,5/19/2021 11:00,1.9481662598213374
804,5/19/2021 12:00,1.8426296531849977
805,5/19/2021 13:00,1.8608024360708737
806,5/19/2021 14:00,1.8390806898681775
807,5/19/2021 15:00,1.8025984298384436
808,5/19/2021 16:00,1.8725802420111886
809,5/19/2021 17:00,1.8967021959218737
810,5/19/2021 18:00,1.9544239349420174
811,5/19/2021 19:00,1.8662386659922736
812,5/19/2021 20:00,1.9878573799911876
813,5/19/2021 21:00,2.0376511342585113
814,5/19/2021 22:00,1.8632572520196227
815,5/19/2021 23:00,1.9756067272273001
816,5/20/2021 0:00,1.8913256494300863
817,5/20/2021 1:00,1.8905549943659323
818,5/20/2021 2:00,1.8936163837785276
819,5/20/2021 3:00,1.9161773502359263
820,5/20/2021 4:00,1.8359289194743538
821,5/20/2021 5:00,1.80397144727575
822,5/20/2021 6:00,1.8726829518915502
823,5/20/2021 7:00,1.7945887727744811
824,5/20/2021 8:00,1.7289228247671276
825,5/20/2021 9:00,1.6480443872937363
826,5/20/2021 10:00,1.648153993286465
827,5/20/2021 11:00,1.628275027547285
828,5/20/2021 12:00,1.6415014733454825
829,5/20/2021 13:00,1.6392983706631412
830,5/20/2021 14:00,1.6660912767188074
831,5/20/2021 15:00,1.587271315979635
832,5/20/2021 16:00,1.5689881239483325
833,5/20/2021 17:00,1.5740766193996298
834,5/20/2021 18:00,1.5507877052437435
835,5/20/2021 19:00,1.5234411201531348
836,5/20/2021 20:00,1.507817343798685
837,5/20/2021 21:00,1.4957990581930938
838,5/20/2021 22:00,1.398498815861755
839,5/20/2021 23:00,1.4431113514901437
840,5/21/2021 0:00,1.38026281748025
841,5/21/2021 1:00,1.3754178753489539
842,5/21/2021 2:00,1.3302756730802274
843,5/21/2021 3:00,1.2890021134500438
844,5/21/2021 4:00,1.291188627766401
845,5/21/2021 5:00,1.275625225922974
846,5/21/2021 6:00,1.2145253421942026
847,5/21/2021 7:00,1.1765576882537039
848,5/21/2021 8:00,1.2455118145552788
849,5/21/2021 9:00,1.1485394272143212
850,5/21/2021 10:00,1.139332154416435
851,5/21/2021 11:00,1.1559949719091287
852,5/21/2021 12:00,1.1168450266968564
853,5/21/2021 13:00,1.1245196777033413
854,5/21/2021 14:00,1.06191784873559
855,5/21/2021 15:00,1.0754406299899375
856,5/21/2021 16:00,1.14384272758736
857,5/21/2021 17:00,1.0778469922437863
858,5/21/2021 18:00,1.1065218680401714
859,5/21/2021 19:00,1.0587001594723926
860,5/21/2021 20:00,1.0192833778543513
861,5/21/2021 21:00,1.0498748854682536
862,5/21/2021 22:00,1.0037102995757776
863,5/21/2021 23:00,0.9749339165508375
864,5/22/2021 0:00,0.9949340534661761
865,5/22/2021 1:00,0.9958077898952813
866,5/22/2021 2:00,0.9693135140729863
867,5/22/2021 3:00,0.9762402004447888
868,5/22/2021 4:00,0.97539819575008
869,5/22/2021 5:00,0.9924537899285499
870,5/22/2021 6:00,0.951762256430835
871,5/22/2021 7:00,0.9130595023611663
872,5/22/2021 8:00,0.9506114848091987
873,5/22/2021 9:00,0.9106758092384237
874,5/22/2021 10:00,0.9329611570046663
875,5/22/2021 11:00,0.8507879650028249
876,5/22/2021 12:00,0.8953951331052463
877,5/22/2021 13:00,0.87867469507003
878,5/22/2021 14:00,0.8926313840923925
879,5/22/2021 15:00,0.8742985243915176
880,5/22/2021 16:00,0.9271323965264899
881,5/22/2021 17:00,0.9224959267325512
882,5/22/2021 18:00,0.9447331803637076
883,5/22/2021 19:00,0.8774115995723362
884,5/22/2021 20:00,0.9535175270830349
885,5/22/2021 21:00,0.9864736937402964
886,5/22/2021 22:00,0.9593785036938687
887,5/22/2021 23:00,0.9685983264774537
888,5/23/2021 0:00,0.9074740906909837
889,5/23/2021 1:00,0.89926841659528
890,5/23/2021 2:00,0.9306175390689612
891,5/23/2021 3:00,0.8905601289114887
892,5/23/2021 4:00,0.883638859993465
893,5/23/2021 5:00,0.9017488900968724
894,5/23/2021 6:00,0.8857568659372526
895,5/23/2021 7:00,0.8871416628313351
896,5/23/2021 8:00,0.9305165478502387
897,5/23/2021 9:00,0.9516372507173926
898,5/23/2021 10:00,0.8967559761318014
899,5/23/2021 11:00,0.86517707643314
900,5/23/2021 12:00,0.9310012265659038
901,5/23/2021 13:00,0.9480044187271164
902,5/23/2021 14:00,1.0354174080943936
903,5/23/2021 15:00,1.0526357746753
904,5/23/2021 16:00,1.1095995596094475
905,5/23/2021 17:00,1.171516764941185
906,5/23/2021 18:00,1.1744596981040551
907,5/23/2021 19:00,1.1842675784951777
908,5/23/2021 20:00,1.0969128984934937
909,5/23/2021 21:00,1.0745687362424474
910,5/23/2021 22:00,1.0887374724635674
911,5/23/2021 23:00,1.1325856184104213
912,5/24/2021 0:00,1.120088057598129
913,5/24/2021 1:00,1.0595523980464336
914,5/24/2021 2:00,1.0327684523660037
915,5/24/2021 3:00,1.0789578990750113
916,5/24/2021 4:00,0.9898901000381213
917,5/24/2021 5:00,1.0245789410779675
918,5/24/2021 6:00,1.0069679703511714
919,5/24/2021 7:00,1.0014954948491712
920,5/24/2021 8:00,0.9479048233390124
921,5/24/2021 9:00,0.9905038702590687
922,5/24/2021 10:00,0.9955381308946187
923,5/24/2021 11:00,0.940489182235545
924,5/24/2021 12:00,0.9581403182683474
925,5/24/2021 13:00,0.9009527004034538
926,5/24/2021 14:00,0.8905449831381762
927,5/24/2021 15:00,0.8504665674298513
928,5/24/2021 16:00,0.8819075549128049
929,5/24/2021 17:00,0.8860174547054726
930,5/24/2021 18:00,0.8617801477390288
931,5/24/2021 19:00,0.8698744118037037
932,5/24/2021 20:00,0.8755662864021075
933,5/24/2021 21:00,0.88650198611759
934,5/24/2021 22:00,0.8740529419492913
935,5/24/2021 23:00,0.902936874063115
936,5/25/2021 0:00,0.886809765314825
937,5/25/2021 1:00,0.8224424799935514
938,5/25/2021 2:00,0.8059210049406375
939,5/25/2021 3:00,0.8590194295794225
940,5/25/2021 4:00,0.8589285778994937
941,5/25/2021 5:00,0.8295654144286875
942,5/25/2021 6:00,0.8215893955617075
943,5/25/2021 7:00,0.7654101892312337
944,5/25/2021 8:00,0.7554571260533587
945,5/25/2021 9:00,0.7705278577721512
946,5/25/2021 10:00,0.7297076816150975
947,5/25/2021 11:00,0.7349918227499938
948,5/25/2021 12:00,0.7327570847835113
949,5/25/2021 13:00,0.7681217605930025
950,5/25/2021 14:00,0.8776030748601937
951,5/25/2021 15:00,0.8363434538833213
952,5/25/2021 16:00,0.7843330560083426
953,5/25/2021 17:00,0.7139125810406926
954,5/25/2021 18:00,0.7447560933367412
955,5/25/2021 19:00,0.8055205065260576
956,5/25/2021 20:00,0.8143914896486089
957,5/25/2021 21:00,0.8113026947367274
958,5/25/2021 22:00,0.8018620579368362
959,5/25/2021 23:00,0.8177717661090812
960,5/26/2021 0:00,0.7429188439143388
961,5/26/2021 1:00,0.7677300020992963
962,5/26/2021 2:00,0.7632819390485612
963,5/26/2021 3:00,0.7575841485793176
964,5/26/2021 4:00,0.7713942397178112
965,5/26/2021 5:00,0.7883746145266425
966,5/26/2021 6:00,0.8383446052067001
967,5/26/2021 7:00,0.8839467220371087
968,5/26/2021 8:00,0.8950050135560025
969,5/26/2021 9:00,0.8576964452851276
970,5/26/2021 10:00,0.829591974377995
971,5/26/2021 11:00,0.8622193143052463
972,5/26/2021 12:00,0.7876309316277013
973,5/26/2021 13:00,0.8383590255513913
974,5/26/2021 14:00,0.8398601317091637
975,5/26/2021 15:00,0.83394425209754
976,5/26/2021 16:00,0.8476484430333313
977,5/26/2021 17:00,0.8480157327523312
978,5/26/2021 18:00,0.82965119538358
979,5/26/2021 19:00,0.8294728240987851
980,5/26/2021 20:00,0.7920143487530613
981,5/26/2021 21:00,0.8365863277391337
982,5/26/2021 22:00,0.8259295345210326
983,5/26/2021 23:00,0.8677853715378389
984,5/27/2021 0:00,0.8416637146160663
985,5/27/2021 1:00,0.827165575256515
986,5/27/2021 2:00,0.8522448537119438
987,5/27/2021 3:00,0.8364715912790412
988,5/27/2021 4:00,0.8705090693689599
989,5/27/2021 5:00,0.82113812001758
990,5/27/2021 6:00,0.8017555106823349
991,5/27/2021 7:00,0.8107729323946475
992,5/27/2021 8:00,0.8433302161515488
993,5/27/2021 9:00,0.803387976140585
994,5/27/2021 10:00,0.8044412420515187
995,5/27/2021 11:00,0.7981114948586113
996,5/27/2021 12:00,0.8356869462124612
997,5/27/2021 13:00,0.8377474473553125
998,5/27/2021 14:00,0.8419531151815087
999,5/27/2021 15:00,0.8799498908843224
1000,5/27/2021 16:00,0.8958993351162625
1001,5/27/2021 17:00,0.9434128887066351
1002,5/27/2021 18:00,0.9383755753558962
1003,5/27/2021 19:00,0.9493371420903287
1004,5/27/2021 20:00,0.9817533949856275
1005,5/27/2021 21:00,0.9857755020751875
1006,5/27/2021 22:00,0.9587708905833137
1007,5/27/2021 23:00,0.900169838683275
1008,5/28/2021 0:00,0.8361294221726487
1009,5/28/2021 1:00,0.8108822359068799
1010,5/28/2021 2:00,0.8005504371359538
1011,5/28/2021 3:00,0.8505667146480087
1012,5/28/2021 4:00,0.8047339943249351
1013,5/28/2021 5:00,0.84712191679197
1014,5/28/2021 6:00,0.7975181554933249
1015,5/28/2021 7:00,0.81504866821544
1016,5/28/2021 8:00,0.8057111632117799
1017,5/28/2021 9:00,0.803602659951675
1018,5/28/2021 10:00,0.8048983349886363
1019,5/28/2021 11:00,0.8037709264315649
1020,5/28/2021 12:00,0.7446917350863325
1021,5/28/2021 13:00,0.7240432751957837
1022,5/28/2021 14:00,0.7134809392236563
1023,5/28/2021 15:00,0.7169978836813524
1024,5/28/2021 16:00,0.7189752140703637
1025,5/28/2021 17:00,0.7176548657612238
1026,5/28/2021 18:00,0.7777076225671513
1027,5/28/2021 19:00,0.8361294105696775
1028,5/28/2021 20:00,0.843669786227635
1029,5/28/2021 21:00,0.8944715900735025
1030,5/28/2021 22:00,0.8827871883812588
1031,5/28/2021 23:00,0.8763538426231537
1032,5/29/2021 0:00,0.8553734615354813
1033,5/29/2021 1:00,0.8993301095421276
1034,5/29/2021 2:00,0.8970115358338424
1035,5/29/2021 3:00,0.8909230897616199
1036,5/29/2021 4:00,0.850672611612075
1037,5/29/2021 5:00,0.8322705737151801
1038,5/29/2021 6:00,0.85518345750769
1039,5/29/2021 7:00,0.8330448911475725
1040,5/29/2021 8:00,0.8047614009822475
1041,5/29/2021 9:00,0.7877846766633525
1042,5/29/2021 10:00,0.7504029014614413
1043,5/29/2021 11:00,0.7785817390776338
1044,5/29/2021 12:00,0.7612001703523388
1045,5/29/2021 13:00,0.7616447668339401
1046,5/29/2021 14:00,0.7326959995297637
1047,5/29/2021 15:00,0.7727390792948424
1048,5/29/2021 16:00,0.7888696469497312
1049,5/29/2021 17:00,0.800059548503925
1050,5/29/2021 18:00,0.8300136823529637
1051,5/29/2021 19:00,0.810549903657275
1052,5/29/2021 20:00,0.8664221175181962
1053,5/29/2021 21:00,0.9175417487005237
1054,5/29/2021 22:00,0.9388113190970563
1055,5/29/2021 23:00,0.9566266692030587
1056,5/30/2021 0:00,0.9469715550465925
1057,5/30/2021 1:00,0.9682861796593925
1058,5/30/2021 2:00,0.9704067820521063
1059,5/30/2021 3:00,0.9542538506741987
1060,5/30/2021 4:00,0.9155990282761812
1061,5/30/2021 5:00,0.9148978822617537
1062,5/30/2021 6:00,0.9111477943194976
1063,5/30/2021 7:00,0.9067172103671575
1064,5/30/2021 8:00,0.8858483866444163
1065,5/30/2021 9:00,0.8502169123785013
1066,5/30/2021 10:00,0.8400606641833774
1067,5/30/2021 11:00,0.822101041365775
1068,5/30/2021 12:00,0.7914277167552976
1069,5/30/2021 13:00,0.8014052618916813
1070,5/30/2021 14:00,0.7961847762081425
1071,5/30/2021 15:00,0.8146905399131762
1072,5/30/2021 16:00,0.8579439905291237
1073,5/30/2021 17:00,0.9095148052596738
1074,5/30/2021 18:00,0.9149581848082062
1075,5/30/2021 19:00,0.9576089940163
1076,5/30/2021 20:00,1.0178944669224887
1077,5/30/2021 21:00,1.0880886417195264
1078,5/30/2021 22:00,1.0653866439704025
1079,5/30/2021 23:00,1.080997277898379
1080,5/31/2021 0:00,1.0887153514119912
1081,5/31/2021 1:00,1.0524732554377088
1082,5/31/2021 2:00,1.0587856746765474
1083,5/31/2021 3:00,1.0565428055567012
1084,5/31/2021 4:00,1.04518230303081
1085,5/31/2021 5:00,0.9993967450052187
1086,5/31/2021 6:00,1.0628992445291137
1087,5/31/2021 7:00,0.9810440199866688
1088,5/31/2021 8:00,0.9821370224356563
1089,5/31/2021 9:00,0.938117617576165
1090,5/31/2021 10:00,0.9296808040459688
1091,5/31/2021 11:00,0.9341487567513088
1092,5/31/2021 12:00,0.8951294604286599
1093,5/31/2021 13:00,0.9126720971703913
1094,5/31/2021 14:00,0.8629654741775237
1095,5/31/2021 15:00,0.8959356588523713
1096,5/31/2021 16:00,0.9055792332301875
1097,5/31/2021 17:00,0.9359654501791199
1098,5/31/2021 18:00,0.9775961714087262
1099,5/31/2021 19:00,1.0376295817935137
1100,5/31/2021 20:00,1.060765589488615
1101,5/31/2021 21:00,1.1079597037185287
1102,5/31/2021 22:00,1.1081927855343963
1103,5/31/2021 23:00,1.11973686868184
1104,6/1/2021 0:00,1.0975554331624113
1105,6/1/2021 1:00,1.164329176480035
1106,6/1/2021 2:00,1.0781363249417912
1107,6/1/2021 3:00,1.10217283279087
1108,6/1/2021 4:00,1.1151081385841977
1109,6/1/2021 5:00,1.0650362564149625
1110,6/1/2021 6:00,1.03453760766128
1111,6/1/2021 7:00,1.049464688474885
1112,6/1/2021 8:00,1.0152598168170326
1113,6/1/2021 9:00,0.9990278802822625
1114,6/1/2021 10:00,0.93201328771269
1115,6/1/2021 11:00,0.9686401817717751
1116,6/1/2021 12:00,0.9610445465301587
1117,6/1/2021 13:00,0.9204613222445588
1118,6/1/2021 14:00,0.9392160394274514
1119,6/1/2021 15:00,0.93702636831191
1120,6/1/2021 16:00,0.94876305904445
1121,6/1/2021 17:00,1.0533901452102374
1122,6/1/2021 18:00,1.0752008866342586
1123,6/1/2021 19:00,1.1600247861066726
1124,6/1/2021 20:00,1.2287788132988888
1125,6/1/2021 21:00,1.2367061520466087
1126,6/1/2021 22:00,1.2015140012166752
1127,6/1/2021 23:00,1.2151073113308788
1128,6/2/2021 0:00,1.2397867755344163
1129,6/2/2021 1:00,1.225212455337495
1130,6/2/2021 2:00,1.2063488980077675
1131,6/2/2021 3:00,1.202891159838015
1132,6/2/2021 4:00,1.171134634611275
1133,6/2/2021 5:00,1.17729290343653
1134,6/2/2021 6:00,1.15789448234094
1135,6/2/2021 7:00,1.0855784802268562
1136,6/2/2021 8:00,1.1280180231356662
1137,6/2/2021 9:00,1.0578744472127637
1138,6/2/2021 10:00,1.0197300376520162
1139,6/2/2021 11:00,1.029697030461775
1140,6/2/2021 12:00,1.0598032045954586
1141,6/2/2021 13:00,1.0769386797319775
1142,6/2/2021 14:00,1.0708293988476787
1143,6/2/2021 15:00,1.084236351229425
1144,6/2/2021 16:00,1.0729966367098474
1145,6/2/2021 17:00,1.15081756271047
1146,6/2/2021 18:00,1.1824063972207726
1147,6/2/2021 19:00,1.2216885128951813
1148,6/2/2021 20:00,1.2533619626932213
1149,6/2/2021 21:00,1.3126481563131913
1150,6/2/2021 22:00,1.2758534751809787
1151,6/2/2021 23:00,1.2809377297706874
1152,6/3/2021 0:00,1.3201607118618475
1153,6/3/2021 1:00,1.26433533000857
1154,6/3/2021 2:00,1.2672498850518212
1155,6/3/2021 3:00,1.2358657136697526
1156,6/3/2021 4:00,1.1970298915753987
1157,6/3/2021 5:00,1.28355824958754
1158,6/3/2021 6:00,1.2117543303277063
1159,6/3/2021 7:00,1.1626111638473837
1160,6/3/2021 8:00,1.19238877184579
1161,6/3/2021 9:00,1.0705203587513088
1162,6/3/2021 10:00,1.06819385462039
1163,6/3/2021 11:00,1.0505515798005112
1164,6/3/2021 12:00,1.053697828645725
1165,6/3/2021 13:00,1.0756296938451124
1166,6/3/2021 14:00,1.1030117875879313
1167,6/3/2021 15:00,1.1025143270139963
1168,6/3/2021 16:00,1.08788291139023
1169,6/3/2021 17:00,1.064949154356805
1170,6/3/2021 18:00,1.112525318222625
1171,6/3/2021 19:00,1.1130788416163713
1172,6/3/2021 20:00,1.183024090301085
1173,6/3/2021 21:00,1.2134521697122724
1174,6/3/2021 22:00,1.1278961974303563
1175,6/3/2021 23:00,1.1769555502708187
1176,6/4/2021 0:00,1.245042874129596
1177,6/4/2021 1:00,1.0636546213987863
1178,6/4/2021 2:00,1.1367540548169464
1179,6/4/2021 3:00,1.1591476728859251
1180,6/4/2021 4:00,1.07781573733276
1181,6/4/2021 5:00,1.106162357814025
1182,6/4/2021 6:00,1.1211128294295625
1183,6/4/2021 7:00,1.10155006323386
1184,6/4/2021 8:00,1.0359600279721426
1185,6/4/2021 9:00,0.9712475752714738
1186,6/4/2021 10:00,0.9691978743005225
1187,6/4/2021 11:00,0.9093695226421562
1188,6/4/2021 12:00,0.94016203504667
1189,6/4/2021 13:00,0.9604869579935975
1190,6/4/2021 14:00,1.0000021419149963
1191,6/4/2021 15:00,0.9816388939240888
1192,6/4/2021 16:00,0.9521713145426025
1193,6/4/2021 17:00,0.93093542416092
1194,6/4/2021 18:00,0.9668810692849887
1195,6/4/2021 19:00,1.00847089856488
1196,6/4/2021 20:00,0.9704454532235025
1197,6/4/2021 21:00,0.9834812676314089
1198,6/4/2021 22:00,0.9662634273414225
1199,6/4/2021 23:00,0.9591890543809712
1200,6/5/2021 0:00,1.0067458505062636
1201,6/5/2021 1:00,0.9642914232393875
1202,6/5/2021 2:00,0.9456779573540237
1203,6/5/2021 3:00,0.9951175176604212
1204,6/5/2021 4:00,0.9590618225727163
1205,6/5/2021 5:00,0.9614794016922412
1206,6/5/2021 6:00,0.9378387903568112
1207,6/5/2021 7:00,0.9349345591708813
1208,6/5/2021 8:00,0.8344969384937875
1209,6/5/2021 9:00,0.8263658012901289
1210,6/5/2021 10:00,0.8016508754522325
1211,6/5/2021 11:00,0.8276771441400075
1212,6/5/2021 12:00,0.7749377646788824
1213,6/5/2021 13:00,0.7729997805790175
1214,6/5/2021 14:00,0.7571457319943538
1215,6/5/2021 15:00,0.7693691209558712
1216,6/5/2021 16:00,0.7750019696344637
1217,6/5/2021 17:00,0.7674556000615362
1218,6/5/2021 18:00,0.7698908212746013
1219,6/5/2021 19:00,0.7799423231365987
1220,6/5/2021 20:00,0.78294428912585
1221,6/5/2021 21:00,0.7662502716428813
1222,6/5/2021 22:00,0.7868223908783875
1223,6/5/2021 23:00,0.8029439249174687
1224,6/6/2021 0:00,0.8067481807298374
1225,6/6/2021 1:00,0.7795108593206688
1226,6/6/2021 2:00,0.7621720678794887
1227,6/6/2021 3:00,0.768624154138545
1228,6/6/2021 4:00,0.7725610272430139
1229,6/6/2021 5:00,0.7649427792142149
1230,6/6/2021 6:00,0.7188939866130888
1231,6/6/2021 7:00,0.7356332647616588
1232,6/6/2021 8:00,0.7227578683794975
1233,6/6/2021 9:00,0.6836361268003113
1234,6/6/2021 10:00,0.6371803910131262
1235,6/6/2021 11:00,0.6223413589232413
1236,6/6/2021 12:00,0.6076957425599337
1237,6/6/2021 13:00,0.5859559915097412
1238,6/6/2021 14:00,0.5694246396689175
1239,6/6/2021 15:00,0.5833142943234912
1240,6/6/2021 16:00,0.542370699937895
1241,6/6/2021 17:00,0.5585615180782213
1242,6/6/2021 18:00,0.6161874998455887
1243,6/6/2021 19:00,0.6269150291001838
1244,6/6/2021 20:00,0.6465013044572301
1245,6/6/2021 21:00,0.65119690971076
1246,6/6/2021 22:00,0.6713669140935912
1247,6/6/2021 23:00,0.6525307906023639
1248,6/7/2021 0:00,0.6660532200790825
1249,6/7/2021 1:00,0.6672773696310251
1250,6/7/2021 2:00,0.6437382978028612
1251,6/7/2021 3:00,0.6429813319438212
1252,6/7/2021 4:00,0.6143095485402488
1253,6/7/2021 5:00,0.6043581880519838
1254,6/7/2021 6:00,0.5995823612560762
1255,6/7/2021 7:00,0.595245216122605
1256,6/7/2021 8:00,0.6179980216946612
1257,6/7/2021 9:00,0.5822217249448413
1258,6/7/2021 10:00,0.5746300676553813
1259,6/7/2021 11:00,0.5646096524059613
1260,6/7/2021 12:00,0.5676414022757551
1261,6/7/2021 13:00,0.5587599508314237
1262,6/7/2021 14:00,0.5324624982178074
1263,6/7/2021 15:00,0.5222151058738956
1264,6/7/2021 16:00,0.5083805517766519
1265,6/7/2021 17:00,0.5096858435692712
1266,6/7/2021 18:00,0.5096605984796416
1267,6/7/2021 19:00,0.49704422311942625
1268,6/7/2021 20:00,0.47459527903672255
1269,6/7/2021 21:00,0.5098626621469053
1270,6/7/2021 22:00,0.4974843740066729
1271,6/7/2021 23:00,0.5431377465954212
1272,6/8/2021 0:00,0.5423593783624538
1273,6/8/2021 1:00,0.54487130153408
1274,6/8/2021 2:00,0.5354337677510388
1275,6/8/2021 3:00,0.5257820852844075
1276,6/8/2021 4:00,0.544393658786795
1277,6/8/2021 5:00,0.548226261479265
1278,6/8/2021 6:00,0.5323280529648518
1279,6/8/2021 7:00,0.5332333090748097
1280,6/8/2021 8:00,0.5166537949187817
1281,6/8/2021 9:00,0.5222046356046135
1282,6/8/2021 10:00,0.5142431099272434
1283,6/8/2021 11:00,0.5011414038742829
1284,6/8/2021 12:00,0.4924036099002385
1285,6/8/2021 13:00,0.49050486823169526
1286,6/8/2021 14:00,0.48392649446063035
1287,6/8/2021 15:00,0.48365499886592733
1288,6/8/2021 16:00,0.471578498337345
1289,6/8/2021 17:00,0.5053448650074228
1290,6/8/2021 18:00,0.5010115862706399
1291,6/8/2021 19:00,0.5239882307300374
1292,6/8/2021 20:00,0.5013737263520884
1293,6/8/2021 21:00,0.5088131857292651
1294,6/8/2021 22:00,0.5065263804811044
1295,6/8/2021 23:00,0.5121948322872405
1296,6/9/2021 0:00,0.49804606350247915
1297,6/9/2021 1:00,0.4835179053248565
1298,6/9/2021 2:00,0.4896836110057951
1299,6/9/2021 3:00,0.49253128553913716
1300,6/9/2021 4:00,0.4816359212152613
1301,6/9/2021 5:00,0.4870192124962617
1302,6/9/2021 6:00,0.4916071261107686
1303,6/9/2021 7:00,0.5010765436801083
1304,6/9/2021 8:00,0.4887757549776721
1305,6/9/2021 9:00,0.4792168416156345
1306,6/9/2021 10:00,0.4643094593733285
1307,6/9/2021 11:00,0.44532749695173524
1308,6/9/2021 12:00,0.42878935849009225
1309,6/9/2021 13:00,0.41978898118559616
1310,6/9/2021 14:00,0.39774708728868463
1311,6/9/2021 15:00,0.3802053211340088
1312,6/9/2021 16:00,0.4056906395370956
1313,6/9/2021 17:00,0.41152098230039136
1314,6/9/2021 18:00,0.3915625855703948
1315,6/9/2021 19:00,0.3961700501002762
1316,6/9/2021 20:00,0.41895771736946463
1317,6/9/2021 21:00,0.41829281360127873
1318,6/9/2021 22:00,0.4122374761036415
1319,6/9/2021 23:00,0.40945742500398835
1320,6/10/2021 0:00,0.43209073094751416
1321,6/10/2021 1:00,0.41174873026237035
1322,6/10/2021 2:00,0.395300131733016
1323,6/10/2021 3:00,0.42544538291538136
1324,6/10/2021 4:00,0.4192407530093129
1325,6/10/2021 5:00,0.428041287112836
1326,6/10/2021 6:00,0.42560978668377936
1327,6/10/2021 7:00,0.40251717927772673
1328,6/10/2021 8:00,0.4159491941918728
1329,6/10/2021 9:00,0.41408579049666727
1330,6/10/2021 10:00,0.45059825192360187
1331,6/10/2021 11:00,0.4694503799989586
1332,6/10/2021 12:00,0.4577456571337309
1333,6/10/2021 13:00,0.4695752707984296
1334,6/10/2021 14:00,0.5016256944333977
1335,6/10/2021 15:00,0.5089586904000054
1336,6/10/2021 16:00,0.48156965413437847
1337,6/10/2021 17:00,0.47880622031256087
1338,6/10/2021 18:00,0.47905961694497023
1339,6/10/2021 19:00,0.5007857745502301
1340,6/10/2021 20:00,0.470580890981787
1341,6/10/2021 21:00,0.48474152416725086
1342,6/10/2021 22:00,0.456345723351831
1343,6/10/2021 23:00,0.45290272072515414
1344,6/11/2021 0:00,0.4609219945778503
1345,6/11/2021 1:00,0.46035579571782875
1346,6/11/2021 2:00,0.45648727471637907
1347,6/11/2021 3:00,0.45912627914258525
1348,6/11/2021 4:00,0.44068393106646864
1349,6/11/2021 5:00,0.4469453286895645
1350,6/11/2021 6:00,0.438521370699715
1351,6/11/2021 7:00,0.43559022160890914
1352,6/11/2021 8:00,0.4277746005151072
1353,6/11/2021 9:00,0.42443820807113575
1354,6/11/2021 10:00,0.3973874750956024
1355,6/11/2021 11:00,0.4200742721140647
1356,6/11/2021 12:00,0.4305245189643525
1357,6/11/2021 13:00,0.4349934332847138
1358,6/11/2021 14:00,0.4392747608174873
1359,6/11/2021 15:00,0.44747382359244503
1360,6/11/2021 16:00,0.4410856524868477
1361,6/11/2021 17:00,0.43492444738796865
1362,6/11/2021 18:00,0.426283860312062
1363,6/11/2021 19:00,0.4132559720904711
1364,6/11/2021 20:00,0.4261409518181077
1365,6/11/2021 21:00,0.4154091738504076
1366,6/11/2021 22:00,0.4362468415541768
1367,6/11/2021 23:00,0.4314917015369599
1368,6/12/2021 0:00,0.43819973353794034
1369,6/12/2021 1:00,0.4173145973410594
1370,6/12/2021 2:00,0.4159517851422429
1371,6/12/2021 3:00,0.42631183829570474
1372,6/12/2021 4:00,0.4256814948792498
1373,6/12/2021 5:00,0.4094323286454541
1374,6/12/2021 6:00,0.40735555176399335
1375,6/12/2021 7:00,0.4040119356130409
1376,6/12/2021 8:00,0.39171222325434596
1377,6/12/2021 9:00,0.34206594165821763
1378,6/12/2021 10:00,0.3141071795642474
1379,6/12/2021 11:00,0.3243996403902351
1380,6/12/2021 12:00,0.31874501171280245
1381,6/12/2021 13:00,0.3171973478590723
1382,6/12/2021 14:00,0.314321033767283
1383,6/12/2021 15:00,0.31657470372651025
1384,6/12/2021 16:00,0.3109481639195201
1385,6/12/2021 17:00,0.30513691380728586
1386,6/12/2021 18:00,0.29784484811188
1387,6/12/2021 19:00,0.31034822031813564
1388,6/12/2021 20:00,0.32631952668980224
1389,6/12/2021 21:00,0.3456083814814763
1390,6/12/2021 22:00,0.35490042491957813
1391,6/12/2021 23:00,0.3525826784095675
1392,6/13/2021 0:00,0.353799009289586
1393,6/13/2021 1:00,0.35163898439395125
1394,6/13/2021 2:00,0.3601173265757309
1395,6/13/2021 3:00,0.36233159810974847
1396,6/13/2021 4:00,0.3594646516466405
1397,6/13/2021 5:00,0.3696622734940421
1398,6/13/2021 6:00,0.37204179713577
1399,6/13/2021 7:00,0.3608182067080701
1400,6/13/2021 8:00,0.34642753348010935
1401,6/13/2021 9:00,0.34377003205679135
1402,6/13/2021 10:00,0.3341886902690091
1403,6/13/2021 11:00,0.33524423915463325
1404,6/13/2021 12:00,0.32989271480354737
1405,6/13/2021 13:00,0.3408981861819031
1406,6/13/2021 14:00,0.34085633188964903
1407,6/13/2021 15:00,0.34038240366821926
1408,6/13/2021 16:00,0.35891005304104484
1409,6/13/2021 17:00,0.3482640660248385
1410,6/13/2021 18:00,0.3183740228463759
1411,6/13/2021 19:00,0.33956927759402983
1412,6/13/2021 20:00,0.3376372530215226
1413,6/13/2021 21:00,0.336672552609916
1414,6/13/2021 22:00,0.32929702907710123
1415,6/13/2021 23:00,0.35952402496545677
1416,6/14/2021 0:00,0.3686206257722291
1417,6/14/2021 1:00,0.37810256496732064
1418,6/14/2021 2:00,0.3831858610358552
1419,6/14/2021 3:00,0.3788387777632141
1420,6/14/2021 4:00,0.37864467104940086
1421,6/14/2021 5:00,0.379633945931444
1422,6/14/2021 6:00,0.3700692535890825
1423,6/14/2021 7:00,0.38336925700580915
1424,6/14/2021 8:00,0.3598379801167721
1425,6/14/2021 9:00,0.3475487323901339
1426,6/14/2021 10:00,0.34102050646285026
1427,6/14/2021 11:00,0.3239453245119225
1428,6/14/2021 12:00,0.3204322828215553
1429,6/14/2021 13:00,0.32295555482613547
1430,6/14/2021 14:00,0.3176840109899937
1431,6/14/2021 15:00,0.3081116347012057
1432,6/14/2021 16:00,0.31684285782736954
1433,6/14/2021 17:00,0.3220825414259254
1434,6/14/2021 18:00,0.3134915463373029
1435,6/14/2021 19:00,0.30957493491572025
1436,6/14/2021 20:00,0.3279455546731094
1437,6/14/2021 21:00,0.34114629539653063
1438,6/14/2021 22:00,0.3526607944700162
1439,6/14/2021 23:00,0.34958126871442424
1440,6/15/2021 0:00,0.34621145880229487
1441,6/15/2021 1:00,0.3521665818552306
1442,6/15/2021 2:00,0.3404175717725427
1443,6/15/2021 3:00,0.3490262645760819
1444,6/15/2021 4:00,0.35851451524046224
1445,6/15/2021 5:00,0.3546366762606994
1446,6/15/2021 6:00,0.35856041203581385
1447,6/15/2021 7:00,0.346953952253237
1448,6/15/2021 8:00,0.3119607586448865
1449,6/15/2021 9:00,0.30371775907293214
1450,6/15/2021 10:00,0.2787802138689285
1451,6/15/2021 11:00,0.25503072595168463
1452,6/15/2021 12:00,0.2606446368588614
1453,6/15/2021 13:00,0.2670458600661464
1454,6/15/2021 14:00,0.2750801688578076
1455,6/15/2021 15:00,0.29585796843484646
1456,6/15/2021 16:00,0.30363449398826686
1457,6/15/2021 17:00,0.3107130492474766
1458,6/15/2021 18:00,0.29977112954160134
1459,6/15/2021 19:00,0.312046589068567
1460,6/15/2021 20:00,0.29659579070765163
1461,6/15/2021 21:00,0.2902026508770243
1462,6/15/2021 22:00,0.28056129306308875
1463,6/15/2021 23:00,0.2786936385581365
1464,6/16/2021 0:00,0.2837780745064575
1465,6/16/2021 1:00,0.26461102660394137
1466,6/16/2021 2:00,0.2602852696296515
1467,6/16/2021 3:00,0.2551202987103301
1468,6/16/2021 4:00,0.2582656136331949
1469,6/16/2021 5:00,0.2544912097840231
1470,6/16/2021 6:00,0.255480425490764
1471,6/16/2021 7:00,0.2471626259815569
1472,6/16/2021 8:00,0.24519545731079787
1473,6/16/2021 9:00,0.23822062829218088
1474,6/16/2021 10:00,0.22599432848379636
1475,6/16/2021 11:00,0.2278983853101856
1476,6/16/2021 12:00,0.22255183428637187
1477,6/16/2021 13:00,0.2146263833218115
1478,6/16/2021 14:00,0.21051172334165588
1479,6/16/2021 15:00,0.20994326588973738
1480,6/16/2021 16:00,0.20775373040490877
1481,6/16/2021 17:00,0.21590519471578687
1482,6/16/2021 18:00,0.21401584543458962
1483,6/16/2021 19:00,0.21840620008725511
1484,6/16/2021 20:00,0.22985037155109136
1485,6/16/2021 21:00,0.23977910315706374
1486,6/16/2021 22:00,0.24715675201057927
1487,6/16/2021 23:00,0.24790008751018924
1488,6/17/2021 0:00,0.2568025042214915
1489,6/17/2021 1:00,0.2665346328202899
1490,6/17/2021 2:00,0.2739123911061076
1491,6/17/2021 3:00,0.26541410007734173
1492,6/17/2021 4:00,0.2724987067869504
1493,6/17/2021 5:00,0.2684186802483715
1494,6/17/2021 6:00,0.26456417775873564
1495,6/17/2021 7:00,0.2559800772439666
1496,6/17/2021 8:00,0.24882373341029929
1497,6/17/2021 9:00,0.2353595563126321
1498,6/17/2021 10:00,0.22905496006557663
1499,6/17/2021 11:00,0.23181619029275513
1500,6/17/2021 12:00,0.22475527191942013
1501,6/17/2021 13:00,0.23016074504919776
1502,6/17/2021 14:00,0.24221623182743587
1503,6/17/2021 15:00,0.24802796065919425
1504,6/17/2021 16:00,0.24375998906264212
1505,6/17/2021 17:00,0.23792796761085186
1506,6/17/2021 18:00,0.24123073138933301
1507,6/17/2021 19:00,0.233553407792695
1508,6/17/2021 20:00,0.24347822345160688
1509,6/17/2021 21:00,0.24894577219882313
1510,6/17/2021 22:00,0.2503008633230204
1511,6/17/2021 23:00,0.2574345204100308
1512,6/18/2021 0:00,0.2555820004361914
1513,6/18/2021 1:00,0.2602578715708891
1514,6/18/2021 2:00,0.2583292375724037
1515,6/18/2021 3:00,0.25936265299642475
1516,6/18/2021 4:00,0.2568310002495916
1517,6/18/2021 5:00,0.2506836799075172
1518,6/18/2021 6:00,0.2573601591187805
1519,6/18/2021 7:00,0.25282979955755697
1520,6/18/2021 8:00,0.24190451360222437
1521,6/18/2021 9:00,0.232244862612701
1522,6/18/2021 10:00,0.2294323562478825
1523,6/18/2021 11:00,0.22039949126857378
1524,6/18/2021 12:00,0.21712706583014899
1525,6/18/2021 13:00,0.22268569762483936
1526,6/18/2021 14:00,0.2176506993541421
1527,6/18/2021 15:00,0.22922098675717162
1528,6/18/2021 16:00,0.22426946277903775
1529,6/18/2021 17:00,0.22938859005020737
1530,6/18/2021 18:00,0.24406616812874513
1531,6/18/2021 19:00,0.23959230622607453
1532,6/18/2021 20:00,0.237531328887301
1533,6/18/2021 21:00,0.24344545046898053
1534,6/18/2021 22:00,0.2501235547955939
1535,6/18/2021 23:00,0.2632337495350847
1536,6/19/2021 0:00,0.25350048608873865
1537,6/19/2021 1:00,0.2634955441497026
1538,6/19/2021 2:00,0.2716477069428415
1539,6/19/2021 3:00,0.2713321367401279
1540,6/19/2021 4:00,0.2697227807416018
1541,6/19/2021 5:00,0.25283198918854755
1542,6/19/2021 6:00,0.25557523398328125
1543,6/19/2021 7:00,0.2665663944507396
1544,6/19/2021 8:00,0.24931737321142114
1545,6/19/2021 9:00,0.24594307774256913
1546,6/19/2021 10:00,0.23998978477245725
1547,6/19/2021 11:00,0.23722488824281837
1548,6/19/2021 12:00,0.2345338463314104
1549,6/19/2021 13:00,0.233009983477169
1550,6/19/2021 14:00,0.23031294965213212
1551,6/19/2021 15:00,0.22857328422698464
1552,6/19/2021 16:00,0.22194245979508465
1553,6/19/2021 17:00,0.22368724164336173
1554,6/19/2021 18:00,0.23065053736756674
1555,6/19/2021 19:00,0.23507488862198114
1556,6/19/2021 20:00,0.225259240218893
1557,6/19/2021 21:00,0.23218657010593524
1558,6/19/2021 22:00,0.22941154011157927
1559,6/19/2021 23:00,0.23434901448422152
1560,6/20/2021 0:00,0.24386873376577073
1561,6/20/2021 1:00,0.23754063716465576
1562,6/20/2021 2:00,0.23527863090435278
1563,6/20/2021 3:00,0.24442000565554
1564,6/20/2021 4:00,0.25291891317794724
1565,6/20/2021 5:00,0.25005281277749003
1566,6/20/2021 6:00,0.24831812527732777
1567,6/20/2021 7:00,0.2522314736185217
1568,6/20/2021 8:00,0.2124875700250541
1569,6/20/2021 9:00,0.17420115879270914
1570,6/20/2021 10:00,0.16053463596712425
1571,6/20/2021 11:00,0.16422644423490224
1572,6/20/2021 12:00,0.17414561006530827
1573,6/20/2021 13:00,0.16931316009023162
1574,6/20/2021 14:00,0.1626278789233115
1575,6/20/2021 15:00,0.16234090159814674
1576,6/20/2021 16:00,0.1706734046664941
1577,6/20/2021 17:00,0.1620839428912809
1578,6/20/2021 18:00,0.16466964320976687
1579,6/20/2021 19:00,0.169633059100527
1580,6/20/2021 20:00,0.17868850308175763
1581,6/20/2021 21:00,0.19513281630886947
1582,6/20/2021 22:00,0.1956571813845535
1583,6/20/2021 23:00,0.1935494536626159
